{"accuracy": [0.46857142448425293, 0.5678571462631226, 0.606249988079071, 0.635535717010498, 0.673035740852356, 0.6875, 0.7155357003211975, 0.7139285802841187, 0.7196428775787354, 0.7628571391105652, 0.7735714316368103, 0.7826785445213318, 0.779285728931427, 0.7805356979370117, 0.8158928751945496, 0.8194642663002014, 0.8389285802841187, 0.8003571629524231, 0.8426785469055176, 0.8510714173316956, 0.8691071271896362, 0.8648214340209961, 0.8799999952316284, 0.885535717010498, 0.8989285826683044, 0.916607141494751, 0.9266071319580078, 0.9319642782211304, 0.9371428489685059, 0.9178571701049805, 0.9350000023841858, 0.9442856907844543, 0.9451785683631897, 0.9494642615318298, 0.9510714411735535, 0.9612500071525574, 0.958214282989502, 0.9619643092155457, 0.9639285802841187, 0.9628571271896362, 0.9642857313156128, 0.9632142782211304, 0.9628571271896362, 0.9691071510314941, 0.9660714268684387, 0.9683928489685059, 0.9651785492897034, 0.9692857265472412, 0.9716071486473083], "loss": [1.7394812107086182, 1.3728581666946411, 1.2199796438217163, 1.0915473699569702, 0.9818269610404968, 0.9427830576896667, 0.8649728894233704, 0.8679054379463196, 0.8010358810424805, 0.7081148028373718, 0.6767045855522156, 0.6359653472900391, 0.6382287740707397, 0.6401282548904419, 0.540907084941864, 0.5187552571296692, 0.47084563970565796, 0.5646793246269226, 0.45939135551452637, 0.4383394420146942, 0.38325875997543335, 0.3890804648399353, 0.3517131209373474, 0.34118956327438354, 0.3076840341091156, 0.2532637119293213, 0.22896386682987213, 0.2144784927368164, 0.19795294106006622, 0.2398742437362671, 0.19654817879199982, 0.17708952724933624, 0.1660015732049942, 0.1636837273836136, 0.1587163805961609, 0.13624712824821472, 0.14011093974113464, 0.13230450451374054, 0.12633860111236572, 0.11889898777008057, 0.1237001121044159, 0.12317045032978058, 0.12009705603122711, 0.11210572719573975, 0.11356236040592194, 0.11224734783172607, 0.11111705005168915, 0.10666347295045853, 0.1028730571269989], "val_accuracy": [0.13375000655651093, 0.6418750286102295, 0.6675000190734863, 0.7268750071525574, 0.7462499737739563, 0.75, 0.7731249928474426, 0.7637500166893005, 0.778124988079071, 0.7962499856948853, 0.7993749976158142, 0.8043749928474426, 0.7950000166893005, 0.8125, 0.8324999809265137, 0.8025000095367432, 0.8274999856948853, 0.8068749904632568, 0.8443750143051147, 0.8231250047683716, 0.8462499976158142, 0.824999988079071, 0.7956249713897705, 0.8368750214576721, 0.8481249809265137, 0.8787500262260437, 0.8743749856948853, 0.8824999928474426, 0.8856250047683716, 0.8824999928474426, 0.8893749713897705, 0.8862500190734863, 0.8881250023841858, 0.8899999856948853, 0.8881250023841858, 0.8943750262260437, 0.8924999833106995, 0.8868749737739563, 0.8974999785423279, 0.8968750238418579, 0.8949999809265137, 0.8931249976158142, 0.8943750262260437, 0.8987500071525574, 0.8968750238418579, 0.8993750214576721, 0.8999999761581421, 0.8993750214576721, 0.8999999761581421], "val_loss": [4.091213703155518, 1.078995943069458, 0.9877557158470154, 0.8078863024711609, 0.752638578414917, 0.7202547192573547, 0.6758127808570862, 0.706349790096283, 0.6391580700874329, 0.612387478351593, 0.6297793388366699, 0.6068587303161621, 0.6028063893318176, 0.5528070330619812, 0.5075671672821045, 0.5734100341796875, 0.5103829503059387, 0.539620041847229, 0.4689772427082062, 0.4989313781261444, 0.4642922282218933, 0.5275382399559021, 0.5999793410301208, 0.5042640566825867, 0.47158920764923096, 0.3616960942745209, 0.37844452261924744, 0.360342413187027, 0.3565550148487091, 0.3758733868598938, 0.3540802299976349, 0.35806360840797424, 0.3826039433479309, 0.3602643311023712, 0.3897591829299927, 0.3624374270439148, 0.3606060743331909, 0.36647772789001465, 0.3528178930282593, 0.36210551857948303, 0.36525073647499084, 0.375845730304718, 0.36475086212158203, 0.37068989872932434, 0.3651202321052551, 0.36207225918769836, 0.36420273780822754, 0.3692116141319275, 0.3679509460926056], "learning_rate": [0.0003000000142492354, 0.0003000000142492354, 0.0003000000142492354, 0.0003000000142492354, 0.0003000000142492354, 0.0003000000142492354, 0.0003000000142492354, 0.0003000000142492354, 0.0003000000142492354, 0.0003000000142492354, 0.0003000000142492354, 0.0003000000142492354, 0.0003000000142492354, 0.0003000000142492354, 0.0003000000142492354, 0.0003000000142492354, 0.0003000000142492354, 0.0003000000142492354, 0.0003000000142492354, 0.0003000000142492354, 0.0003000000142492354, 0.0003000000142492354, 0.0003000000142492354, 0.0003000000142492354, 0.0003000000142492354, 9.000000136438757e-05, 9.000000136438757e-05, 9.000000136438757e-05, 9.000000136438757e-05, 9.000000136438757e-05, 9.000000136438757e-05, 9.000000136438757e-05, 9.000000136438757e-05, 9.000000136438757e-05, 9.000000136438757e-05, 2.700000004551839e-05, 2.700000004551839e-05, 2.700000004551839e-05, 2.700000004551839e-05, 2.700000004551839e-05, 2.700000004551839e-05, 2.700000004551839e-05, 2.700000004551839e-05, 8.099999831756577e-06, 8.099999831756577e-06, 8.099999831756577e-06, 8.099999831756577e-06, 2.429999995001708e-06, 2.429999995001708e-06]}